date,temp_mean,hdd,cdd,day_count,precip_total,precip_days,extreme_precip_days,snow_total,extreme_heat_days,extreme_cold_days,wind_mean,cloud_cover_mean,temp_anom
2000-01-01,24.358064516129033,1259.9,0.0,31,0.53,5,0,58.69,0,30,12.864516129032259,63.32258064516129,1.257741935483871
2000-02-01,31.089655172413792,983.4,0.0,29,0.39,4,0,20.47,0,27,13.110344827586207,64.71379310344828,6.362173645320198
2000-03-01,35.1741935483871,924.6,0.0,31,0.97,7,0,7.869999999999999,0,31,14.783870967741937,57.38709677419355,0.4998387096774266
2000-04-01,44.85333333333333,604.4,0.0,30,0.93,6,0,0.0,0,19,16.48,58.769999999999996,2.070798850574711
2000-05-01,51.248387096774195,426.3,0.0,31,2.79,15,0,0.0,0,2,17.396774193548385,72.40322580645162,-0.24387096774192685
2000-06-01,59.00333333333333,198.49999999999997,18.599999999999994,30,2.16,8,0,0.0,2,0,14.370000000000001,56.59666666666667,-0.7904999999999944
2000-07-01,69.47741935483872,23.9,162.7,31,0.48000000000000004,3,0,0.0,11,0,15.080645161290322,45.10645161290322,0.33548387096774945
2000-08-01,66.94516129032259,38.099999999999994,98.39999999999998,31,0.63,5,0,0.0,7,0,13.841935483870968,31.932258064516127,0.7420967741935556
2000-09-01,53.766666666666666,343.70000000000005,6.699999999999989,30,1.38,9,0,0.0,1,9,17.013333333333332,53.123333333333335,-2.7605000000000004
2000-10-01,41.53548387096774,727.4,0.0,31,1.27,9,0,1.18,0,18,11.551612903225807,55.97096774193548,-1.9358064516129048
2000-11-01,17.473333333333336,1425.8,0.0,30,0.87,8,0,97.3,0,30,9.956666666666667,54.49666666666667,-13.139999999999997
2000-12-01,15.790322580645162,1525.5,0.0,31,0.37,5,0,201.25,0,31,11.387096774193548,57.064516129032256,-6.173548387096771
2001-01-01,17.19677419354839,1481.9,0.0,31,0.43,5,0,173.29,0,31,10.206451612903225,52.58709677419355,-5.903548387096773
2001-02-01,15.875,1375.4999999999998,0.0,28,0.25,3,0,183.55,0,28,10.514285714285714,60.51428571428572,-8.852481527093595
2001-03-01,32.274193548387096,1014.5000000000001,0.0,31,0.61,7,0,54.75,0,28,12.80967741935484,52.10322580645161,-2.400161290322579
2001-04-01,42.05,688.5,0.0,30,1.6,11,0,1.18,0,18,16.766666666666666,61.90333333333333,-0.7325344827586235
2001-05-01,53.86774193548387,349.19999999999993,4.099999999999994,31,0.62,5,0,0.0,0,11,17.812903225806455,34.57419354838709,2.3754838709677486
2001-06-01,58.583333333333336,217.10000000000002,24.599999999999994,30,4.12,11,1,3.15,0,0,15.166666666666666,41.26,-1.210499999999989
2001-07-01,66.84193548387097,31.500000000000007,88.60000000000001,31,2.12,12,0,0.0,1,0,16.35483870967742,29.783870967741933,-2.299999999999997
2001-08-01,69.91290322580646,2.799999999999997,155.1,31,0.030000000000000002,1,0,0.0,10,0,14.293548387096775,9.170967741935485,3.7098387096774275
2001-09-01,59.42333333333333,191.6,24.30000000000001,30,0.51,5,0,0.0,1,0,13.356666666666666,18.64,2.896166666666666
2001-10-01,43.82258064516129,656.5000000000001,0.0,31,1.81,10,0,0.0,0,12,15.845161290322581,50.95483870967742,0.3512903225806454
2001-11-01,35.230000000000004,893.1,0.0,30,0.16,5,0,4.33,0,27,12.38,40.306666666666665,4.616666666666671
2001-12-01,23.625806451612902,1282.6,0.0,31,0.43999999999999995,4,0,30.72,0,30,14.7,50.62580645161291,1.6619354838709697
2002-01-01,23.822580645161292,1276.5000000000002,0.0,31,0.62,7,0,151.66,0,29,13.848387096774195,68.42580645161291,0.7222580645161294
2002-02-01,23.035714285714285,1175.0,0.0,28,0.25,4,0,85.09,0,27,19.557142857142857,49.13214285714286,-1.69176724137931
2002-03-01,24.548387096774192,1254.0000000000002,0.0,31,0.39,3,0,58.3,0,29,15.53225806451613,66.48709677419355,-10.125967741935483
2002-04-01,39.59,762.3,0.0,30,1.49,11,0,0.0,0,23,16.846666666666668,57.42333333333333,-3.1925344827586173
2002-05-01,48.145161290322584,524.5,2.0,31,3.86,12,1,7.88,0,12,15.206451612903225,56.619354838709675,-3.3470967741935382
2002-06-01,58.20333333333333,220.4,16.5,30,3.92,18,0,0.0,0,0,14.120000000000001,42.87,-1.5904999999999916
2002-07-01,68.54193548387097,12.399999999999984,122.19999999999997,31,0.93,11,0,0.0,7,0,15.638709677419355,24.219354838709677,-0.5999999999999943
2002-08-01,61.229032258064514,121.69999999999999,4.799999999999997,31,0.84,8,0,0.0,0,0,17.741935483870968,28.496774193548386,-4.974032258064518
2002-09-01,55.419999999999995,297.40000000000003,10.0,30,1.57,8,0,0.0,1,3,13.729999999999999,33.54333333333333,-1.1071666666666715
2002-10-01,36.86451612903225,872.1999999999998,0.0,31,0.32,4,0,3.15,0,22,13.16451612903226,45.86129032258064,-6.6067741935483895
2002-11-01,30.84333333333333,1024.6999999999998,0.0,30,0.47,3,0,3.15,0,25,17.07,41.54333333333333,0.22999999999999687
2002-12-01,27.032258064516128,1176.9999999999998,0.0,31,0.17,3,0,4.72,0,30,15.341935483870968,49.432258064516134,5.068387096774195
2003-01-01,27.567741935483873,1160.4,0.0,31,1.58,11,0,33.09,0,27,18.606451612903225,54.07419354838709,4.467419354838711
2003-02-01,20.357142857142858,1250.0000000000002,0.0,28,0.88,10,0,48.84,0,27,15.264285714285714,54.34285714285714,-4.370338669950737
2003-03-01,33.141935483870974,987.5999999999999,0.0,31,1.06,10,0,28.75,0,23,17.716129032258067,63.81935483870968,-1.5324193548387015
2003-04-01,43.36,649.1999999999998,0.0,30,3.12,14,0,0.0,0,10,17.003333333333334,54.31333333333334,0.5774655172413787
2003-05-01,50.82258064516129,447.5,8.0,31,2.43,13,0,0.0,0,7,15.067741935483872,50.86774193548387,-0.6696774193548336
2003-06-01,58.72,210.1,21.700000000000017,30,1.84,11,0,0.0,0,0,15.566666666666666,39.01,-1.0738333333333259
2003-07-01,72.11935483870967,0.7000000000000028,221.39999999999998,31,0.49000000000000005,4,0,0.0,14,0,15.0,14.170967741935485,2.977419354838702
2003-08-01,70.31935483870969,22.999999999999993,187.89999999999998,31,0.41,5,0,0.0,14,0,16.825806451612905,21.961290322580645,4.116290322580653
2003-09-01,56.13,279.2,13.099999999999994,30,0.11,4,0,0.0,0,5,16.736666666666668,29.886666666666667,-0.39716666666666356
2003-10-01,47.71612903225807,535.8000000000001,0.0,31,0.62,5,0,0.0,0,14,17.53548387096774,38.377419354838715,4.244838709677424
2003-11-01,25.529999999999998,1184.1000000000001,0.0,30,0.32,5,0,0.0,0,27,17.273333333333333,48.36333333333333,-5.083333333333336
2003-12-01,24.861290322580647,1244.2999999999997,0.0,31,1.19,9,0,0.0,0,29,16.383870967741935,57.229032258064514,2.897419354838714
2004-01-01,18.212903225806453,1450.4000000000003,0.0,31,0.24,3,0,0.0,0,31,16.783870967741933,50.729032258064514,-4.887419354838709
2004-02-01,24.23793103448276,1182.1000000000001,0.0,29,0.5900000000000001,6,0,0.0,0,28,11.513793103448275,52.48620689655172,-0.48955049261083516
2004-03-01,39.76774193548387,782.1999999999998,0.0,31,0.30000000000000004,6,0,0.0,0,24,19.96451612903226,47.81935483870968,5.093387096774194
2004-04-01,44.63666666666666,610.9,0.0,30,1.3,8,0,0.0,0,19,15.966666666666667,44.89,1.8541321839080425
2004-05-01,49.42580645161291,482.8,0.0,31,2.84,13,0,0.0,0,7,17.46451612903226,59.17741935483871,-2.066451612903215
2004-06-01,56.940000000000005,246.0,4.200000000000003,30,2.51,10,1,0.0,0,0,16.46333333333333,45.23666666666667,-2.85383333333332
2004-07-01,66.2741935483871,41.199999999999996,80.7,31,1.78,9,0,0.0,4,0,14.358064516129033,27.038709677419355,-2.8677419354838634
2004-08-01,63.012903225806454,94.1,32.5,31,1.49,8,0,0.0,1,0,15.141935483870967,32.05806451612903,-3.1901612903225782
2004-09-01,53.04333333333333,362.4,3.700000000000003,30,1.48,9,0,0.0,0,1,14.046666666666665,41.04,-3.4838333333333367
2004-10-01,43.229032258064514,674.8999999999999,0.0,31,1.31,9,0,0.0,0,17,13.48709677419355,47.49354838709677,-0.24225806451612897
2004-11-01,31.256666666666668,1012.3000000000002,0.0,30,0.21000000000000002,5,0,0.0,0,28,11.56,36.57666666666667,0.6433333333333344
2004-12-01,27.919354838709676,1149.4999999999998,0.0,31,0.25,6,0,0.0,0,30,13.98709677419355,55.02258064516129,5.955483870967743
2005-01-01,19.09032258064516,1423.2000000000003,0.0,31,0.29,3,0,0.0,0,28,10.02258064516129,50.6483870967742,-4.010000000000002
2005-02-01,28.74642857142857,1015.1000000000001,0.0,28,0.26,4,0,0.0,0,28,11.817857142857141,29.060714285714283,4.0189470443349755
2005-03-01,35.17741935483871,924.5,0.0,31,0.95,13,0,0.0,0,29,15.245161290322581,55.53225806451613,0.5030645161290366
2005-04-01,42.233333333333334,683.0,0.0,30,1.7,7,0,0.0,0,18,16.61,49.09,-0.5492011494252864
2005-05-01,49.99032258064516,465.3,0.0,31,1.62,14,0,0.0,0,8,15.332258064516129,53.00322580645161,-1.5019354838709589
2005-06-01,56.47666666666667,268.2,12.499999999999986,30,2.96,14,0,0.0,1,0,15.17,43.43333333333333,-3.317166666666658
2005-07-01,68.1741935483871,36.699999999999996,135.10000000000002,31,0.73,7,0,0.0,10,0,14.461290322580645,10.62258064516129,-0.9677419354838719
2005-08-01,63.63548387096775,97.19999999999999,54.900000000000006,31,1.4100000000000001,11,0,0.0,5,0,15.106451612903227,19.148387096774194,-2.5675806451612857
2005-09-01,55.623333333333335,292.5,11.200000000000003,30,1.19,7,0,0.0,1,3,14.383333333333333,28.029999999999998,-0.9038333333333313
2005-10-01,45.67741935483871,599.0,0.0,31,1.92,9,0,0.0,0,10,12.609677419354838,38.56774193548387,2.206129032258069
2005-11-01,31.503333333333334,1004.8999999999999,0.0,30,1.26,10,0,0.0,0,27,14.876666666666667,51.87,0.8900000000000006
2005-12-01,18.206451612903226,1450.6,0.0,31,0.64,7,0,0.0,0,27,12.312903225806451,54.49677419354839,-3.7574193548387065
2006-01-01,29.325806451612905,1105.9,0.0,31,0.48,5,0,0.0,0,31,15.148387096774194,55.932258064516134,6.225483870967743
2006-02-01,23.267857142857142,1168.4999999999998,0.0,28,0.12,2,0,0.0,0,25,15.992857142857144,50.332142857142856,-1.4596243842364522
2006-03-01,32.84838709677419,996.7,0.0,31,0.72,6,0,0.0,0,30,13.893548387096773,48.28064516129032,-1.8259677419354858
2006-04-01,45.156666666666666,595.3,0.0,30,2.5900000000000003,10,0,0.0,0,12,17.779999999999998,51.14333333333333,2.3741321839080456
2006-05-01,53.358064516129026,367.40000000000003,6.5,31,1.3599999999999999,7,0,0.0,0,8,14.480645161290322,34.374193548387105,1.8658064516129045
2006-06-01,62.28333333333333,107.5,26.0,30,2.68,10,0,0.0,1,0,14.643333333333334,27.32,2.4895000000000067
2006-07-01,72.35806451612903,1.8999999999999986,230.00000000000003,31,0.6599999999999999,7,0,0.0,17,0,13.035483870967743,10.616129032258065,3.216129032258067
2006-08-01,65.39677419354838,60.699999999999996,73.0,31,0.69,7,0,0.0,3,0,14.858064516129032,14.848387096774195,-0.8062903225806508
2006-09-01,55.15,295.5,0.0,30,1.02,5,0,0.0,0,2,13.513333333333332,33.553333333333335,-1.3771666666666675
2006-10-01,41.38387096774194,732.1,0.0,31,2.9699999999999998,14,1,0.0,0,17,13.841935483870968,46.17741935483871,-2.0874193548387012
2006-11-01,31.796666666666667,996.0999999999998,0.0,30,0.25,5,0,0.0,0,26,15.860000000000001,53.730000000000004,1.1833333333333336
2006-12-01,24.067741935483873,1268.8999999999999,0.0,31,0.29000000000000004,3,0,0.0,0,29,12.419354838709678,47.73548387096774,2.1038709677419405
2007-01-01,22.493548387096773,1317.7000000000003,0.0,31,0.14,3,0,0.0,0,30,15.735483870967743,42.36451612903225,-0.6067741935483895
2007-02-01,28.8,1013.6,0.0,28,0.93,10,0,0.0,0,24,14.325000000000001,64.41071428571429,4.072518472906406
2007-03-01,42.23548387096774,705.6999999999999,0.0,31,0.4600000000000001,6,0,0.0,0,16,16.080645161290324,43.40967741935484,7.561129032258066
2007-04-01,44.64333333333333,610.7,0.0,30,2.15,12,0,0.0,0,13,15.613333333333333,51.88,1.8607988505747102
2007-05-01,54.81612903225806,321.0,5.299999999999983,31,2.77,11,0,0.0,0,0,15.596774193548388,36.75483870967742,3.3238709677419394
2007-06-01,63.53,95.79999999999998,51.7,30,2.17,6,1,0.0,3,0,14.746666666666666,25.276666666666664,3.7361666666666764
2007-07-01,76.8967741935484,0.0,368.8,31,0.22,4,0,0.0,26,0,15.706451612903225,8.45483870967742,7.754838709677429
2007-08-01,68.47741935483872,17.200000000000003,125.00000000000003,31,0.91,7,0,0.0,12,0,17.812903225806455,15.303225806451614,2.2743548387096837
2007-09-01,57.29,259.7,28.39999999999999,30,1.17,8,0,0.0,2,2,15.0,35.46,0.762833333333333
2007-10-01,46.08064516129032,586.5,0.0,31,2.07,9,0,0.0,0,9,14.806451612903226,45.541935483870965,2.6093548387096774
2007-11-01,33.14,955.8,0.0,30,0.67,6,0,0.0,0,21,14.496666666666666,43.59,2.5266666666666673
2007-12-01,26.106451612903225,1205.7,0.0,31,0.24,4,0,0.0,0,30,15.096774193548388,68.75806451612904,4.142580645161292
2008-01-01,21.374193548387098,1352.4,0.0,31,0.32,7,0,0.0,0,30,14.341935483870968,56.4741935483871,-1.726129032258065
2008-02-01,30.372413793103448,1004.2,0.0,29,0.26,3,0,0.0,0,27,14.36551724137931,58.241379310344826,5.644932266009853
2008-03-01,34.351612903225806,950.0999999999999,0.0,31,0.55,9,0,0.0,0,29,16.25483870967742,58.03548387096774,-0.32274193548386876
2008-04-01,39.559999999999995,763.2,0.0,30,2.11,11,0,0.0,0,21,15.946666666666665,51.913333333333334,-3.2225344827586255
2008-05-01,51.90967741935484,413.2,7.3999999999999915,31,2.9699999999999998,13,0,0.0,0,3,15.883870967741936,58.95483870967742,0.41741935483872084
2008-06-01,59.86,190.0,35.8,30,2.7800000000000002,12,0,0.0,3,0,15.25,34.230000000000004,0.0661666666666747
2008-07-01,70.25806451612904,3.8000000000000043,166.79999999999998,31,0.32,4,0,0.0,13,0,15.270967741935483,9.277419354838708,1.1161290322580726
2008-08-01,67.88387096774194,27.500000000000007,116.90000000000003,31,0.57,5,0,0.0,9,0,16.98709677419355,13.741935483870968,1.6808064516129093
2008-09-01,54.983333333333334,300.5,0.0,30,0.43000000000000005,6,0,0.0,0,1,12.94,28.35,-1.5438333333333318
2008-10-01,45.46774193548387,605.5,0.0,31,0.38,6,0,0.0,0,16,14.393548387096773,37.432258064516134,1.996451612903229
2008-11-01,38.99666666666667,780.0999999999999,0.0,30,0.8500000000000001,9,0,0.0,0,13,13.713333333333333,53.13,8.383333333333336
2008-12-01,19.11935483870968,1422.3000000000002,0.0,31,0.49,8,0,0.0,0,27,14.958064516129031,64.72258064516129,-2.844516129032254
2009-01-01,26.351612903225806,1198.1,0.0,31,0.11,2,0,0.0,0,28,13.980645161290322,52.567741935483866,3.251290322580644
2009-02-01,31.642857142857142,934.0000000000001,0.0,28,0.28,3,0,0.0,0,25,11.310714285714285,51.528571428571425,6.915375615763548
2009-03-01,31.25483870967742,1046.1000000000001,0.0,31,1.5699999999999998,11,0,0.0,0,26,15.612903225806452,55.26774193548387,-3.4195161290322567
2009-04-01,42.89,663.3,0.0,30,1.3900000000000001,14,0,0.0,0,11,14.42,58.013333333333335,0.10746551724137987
2009-05-01,55.13225806451613,321.50000000000006,15.600000000000009,31,1.4,8,0,0.0,0,5,16.82903225806452,34.42258064516129,3.6400000000000077
2009-06-01,59.04666666666667,200.8,22.200000000000003,30,2.25,18,0,0.0,3,0,15.896666666666667,47.41,-0.7471666666666579
2009-07-01,67.29677419354839,36.0,107.2,31,1.77,10,0,0.0,7,0,15.838709677419354,21.1,-1.8451612903225794
2009-08-01,66.53225806451613,47.40000000000002,94.9,31,2.01,9,0,0.0,7,0,14.067741935483872,22.761290322580646,0.3291935483870958
2009-09-01,62.95333333333333,126.2,64.79999999999998,30,0.47000000000000003,2,0,0.0,5,2,14.583333333333334,13.156666666666666,6.426166666666667
2009-10-01,39.729032258064514,783.4,0.0,31,1.02,11,0,0.0,0,19,15.435483870967742,63.70322580645161,-3.742258064516129
2009-11-01,31.283333333333335,1011.5000000000001,0.0,30,1.07,5,0,0.0,0,28,12.516666666666667,31.6,0.6700000000000017
2009-12-01,14.529032258064515,1564.6,0.0,31,0.08,2,0,0.0,0,30,10.764516129032257,54.725806451612904,-7.434838709677418
2010-01-01,22.638709677419353,1313.1999999999998,0.0,31,0.38,5,0,0.0,0,30,11.106451612903227,51.39677419354839,-0.4616129032258094
2010-02-01,27.135714285714283,1060.2,0.0,28,0.39999999999999997,4,0,0.0,0,27,9.02142857142857,72.95357142857144,2.408232758620688
2010-03-01,37.274193548387096,859.5000000000001,0.0,31,0.64,7,0,0.0,0,25,12.52258064516129,37.07419354838709,2.599838709677421
2010-04-01,44.31333333333334,620.6,0.0,30,0.94,11,0,0.0,0,14,18.253333333333334,40.81666666666667,1.530798850574719
2010-05-01,49.222580645161294,489.09999999999997,0.0,31,2.7399999999999998,15,0,0.0,0,6,16.338709677419356,61.45483870967742,-2.269677419354828
2010-06-01,59.69666666666667,177.2,18.10000000000001,30,4.2,19,0,0.0,0,0,13.870000000000001,43.28666666666666,-0.09716666666665219
2010-07-01,67.52580645161291,35.999999999999986,114.29999999999998,31,0.21,4,0,201.97,9,0,14.596774193548388,15.46774193548387,-1.6161290322580584
2010-08-01,65.56129032258065,76.10000000000001,93.50000000000003,31,1.93,12,0,0.0,7,0,15.40967741935484,22.783870967741933,-0.641774193548386
2010-09-01,57.376666666666665,228.7,0.0,30,1.53,8,0,0.0,0,0,14.110000000000001,30.540000000000003,0.849499999999999
2010-10-01,47.377419354838715,546.3,0.0,31,0.6,6,0,0.0,0,13,11.980645161290322,37.38387096774194,3.9061290322580717
2010-11-01,26.673333333333332,1149.8,0.0,30,1.53,10,0,83.86,0,24,12.129999999999999,64.15,-3.9400000000000013
2010-12-01,19.06451612903226,1424.0,0.0,31,0.56,5,0,0.0,0,30,10.887096774193548,52.71612903225807,-2.899354838709673
2011-01-01,24.56451612903226,1253.5,0.0,31,0.18,3,0,3009.44,0,27,12.941935483870967,70.20645161290322,1.4641935483870974
2011-02-01,20.20357142857143,1254.3,0.0,28,0.32,6,0,2061.01,0,26,16.914285714285715,52.08571428571429,-4.523910098522165
2011-03-01,35.07419354838709,927.7,0.0,31,0.8,10,0,1905.1,0,28,15.69032258064516,59.92580645161291,0.3998387096774181
2011-04-01,38.43333333333333,797.0000000000001,0.0,30,1.3,16,0,1414.57,0,24,19.663333333333334,65.05,-4.349201149425291
2011-05-01,48.47096774193548,512.4000000000001,0.0,31,2.45,15,0,1106.01,0,4,17.496774193548386,57.15483870967742,-3.02129032258064
2011-06-01,56.99,250.5,10.200000000000003,30,3.33,13,1,979.13,2,0,15.6,42.336666666666666,-2.8038333333333227
2011-07-01,67.9258064516129,15.600000000000009,106.30000000000001,31,0.83,5,0,203.94,6,0,14.567741935483872,11.2,-1.216129032258067
2011-08-01,67.24838709677418,14.699999999999996,84.4,31,0.49000000000000005,6,0,1209.84,5,0,15.196774193548388,9.925806451612903,1.0453225806451485
2011-09-01,58.99666666666667,181.20000000000005,1.0999999999999943,30,0.32,3,0,729.13,0,3,13.57,13.639999999999999,2.4695000000000036
2011-10-01,46.28709677419355,580.6,0.5,31,0.94,8,0,1148.43,0,12,13.435483870967742,47.94516129032258,2.8158064516129073
2011-11-01,30.083333333333332,1047.5,0.0,30,0.38,5,0,2373.23,0,29,15.503333333333334,42.586666666666666,-0.5300000000000011
2011-12-01,23.932258064516127,1273.1,0.0,31,0.44,5,0,1722.42,0,29,13.935483870967742,49.274193548387096,1.9683870967741939
2012-01-01,28.59032258064516,1128.7000000000003,0.0,31,0.12000000000000001,3,0,3115.75,0,29,16.983870967741936,44.599999999999994,5.489999999999998
2012-02-01,26.179310344827588,1125.8,0.0,29,0.35000000000000003,7,0,1033.86,0,29,12.182758620689656,58.37241379310345,1.4518288177339933
2012-03-01,40.23870967741936,767.6000000000001,0.0,31,1.28,11,0,4088.2,0,20,20.18064516129032,42.71612903225807,5.564354838709683
2012-04-01,45.56666666666667,582.9999999999999,0.0,30,2.08,13,0,1227.94,0,13,16.426666666666666,48.656666666666666,2.7841321839080493
2012-05-01,49.516129032258064,479.99999999999994,0.0,31,1.82,14,0,455.91,0,8,14.55483870967742,46.95161290322581,-1.9761290322580578
2012-06-01,61.29,165.3,53.999999999999986,30,1.03,9,0,1093.3,4,1,17.220000000000002,24.366666666666667,1.4961666666666744
2012-07-01,70.64193548387097,3.5,178.4,31,0.42000000000000004,3,0,692.13,14,0,16.76774193548387,11.161290322580646,1.5
2012-08-01,67.08709677419354,32.1,96.8,31,0.24,4,0,482.28,6,1,14.874193548387098,9.780645161290321,0.8840322580645079
2012-09-01,58.46666666666667,197.1,1.0999999999999943,30,0.2,2,0,156.69,0,1,12.2,12.373333333333333,1.9395000000000024
2012-10-01,43.17741935483871,676.5000000000001,0.0,31,0.66,9,0,1518.51,0,17,14.441935483870967,50.196774193548386,-0.2938709677419311
2012-11-01,33.64,940.7999999999998,0.0,30,1.1,6,0,2723.23,0,20,13.813333333333333,47.93,3.0266666666666673
2012-12-01,22.980645161290322,1302.6,0.0,31,0.72,8,0,1379.92,0,28,13.574193548387097,63.038709677419355,1.0167741935483896
2013-01-01,21.177419354838708,1358.5,0.0,31,0.23,3,0,2816.52,0,29,13.845161290322581,47.119354838709675,-1.9229032258064542
2013-02-01,27.228571428571428,1057.6000000000001,0.0,28,0.13,3,0,1826.77,0,28,12.896428571428572,56.699999999999996,2.501089901477833
2013-03-01,34.751612903225805,937.6999999999998,0.0,31,0.2,5,0,1346.85,0,28,14.829032258064515,48.26129032258064,0.07725806451612982
2013-04-01,39.85333333333333,754.4000000000001,0.0,30,0.69,11,0,1631.89,0,21,17.836666666666666,60.12,-2.929201149425289
2013-05-01,52.65806451612904,388.79999999999995,6.199999999999989,31,2.82,16,0,851.97,0,3,15.861290322580645,48.0258064516129,1.1658064516129159
2013-06-01,60.266666666666666,169.29999999999998,27.299999999999997,30,2.91,11,0,516.53,0,0,15.146666666666667,30.256666666666668,0.472833333333341
2013-07-01,70.00322580645161,0.9000000000000057,156.00000000000003,31,0.51,5,0,209.84,8,0,14.570967741935483,8.983870967741936,0.8612903225806434
2013-08-01,68.52580645161291,0.0,109.29999999999998,31,0.97,6,0,22.05,5,0,14.422580645161291,9.09032258064516,2.322741935483876
2013-09-01,58.276666666666664,224.70000000000002,22.99999999999997,30,2.63,14,0,1182.29,0,0,14.996666666666666,36.419999999999995,1.7494999999999976
2013-10-01,39.225806451612904,799.0000000000001,0.0,31,0.48,5,0,656.69,0,24,11.883870967741935,40.78709677419355,-4.245483870967739
2013-11-01,32.52,974.3999999999999,0.0,30,0.38,6,0,1889.75,0,27,14.563333333333333,45.373333333333335,1.9066666666666698
2013-12-01,19.135483870967743,1421.8000000000002,0.0,31,0.43,8,0,2386.2,0,29,14.283870967741937,61.11290322580645,-2.8283870967741898
2014-01-01,27.23548387096774,1170.6999999999998,0.0,31,0.35000000000000003,6,0,2704.33,0,30,18.219354838709677,52.83870967741935,4.1351612903225785
2014-02-01,16.553571428571427,1356.5,0.0,28,0.93,14,0,1629.92,0,28,19.224999999999998,61.675000000000004,-8.173910098522168
2014-03-01,33.519354838709674,975.9,0.0,31,1.86,11,0,1647.6200000000001,0,25,17.83225806451613,60.78387096774193,-1.1550000000000011
2014-04-01,43.12068965517241,634.5,0.0,29,0.86,7,0,1159.05,0,16,20.57586206896552,48.70344827586207,0.3381551724137921
2014-05-01,52.26129032258064,396.20000000000005,1.2999999999999972,31,1.98,10,0,211.02,0,6,15.238709677419354,35.935483870967744,0.7690322580645201
2014-06-01,56.666666666666664,250.0,0.0,30,4.84,20,0,901.5699999999999,0,0,15.836666666666668,45.05,-3.1271666666666604
2014-07-01,69.16774193548386,12.000000000000007,141.20000000000005,31,0.48,5,0,485.04,2,0,14.348387096774195,9.067741935483872,0.025806451612893966
2014-08-01,64.10645161290323,84.1,56.39999999999999,31,3.46,15,0,828.74,1,0,15.32258064516129,29.809677419354838,-2.096612903225804
2014-09-01,54.656666666666666,313.8,3.5,30,1.7200000000000002,10,0,151.18,0,4,13.803333333333335,29.68,-1.8704999999999998
2014-10-01,47.34193548387096,547.4,0.0,31,0.59,5,0,1380.71,0,13,17.112903225806452,31.235483870967744,3.8706451612903194
2014-11-01,26.473333333333336,1155.8,0.0,30,1.05,8,0,1625.21,0,25,14.676666666666668,52.56666666666667,-4.139999999999997
2014-12-01,25.070967741935487,1237.8,0.0,31,0.65,7,0,562.99,0,29,12.745161290322581,54.63225806451613,3.107096774193554
2015-01-01,25.52258064516129,1223.8,0.0,31,0.25,4,0,5.91,0,29,11.419354838709678,51.9483870967742,2.4222580645161287
2015-02-01,33.06071428571429,894.3,0.0,28,0.23,4,0,0.0,0,22,14.414285714285715,56.19642857142857,8.333232758620696
2015-03-01,40.84193548387096,748.9000000000001,0.0,31,0.4,5,0,0.0,0,20,17.364516129032257,37.00322580645161,6.167580645161287
2015-04-01,42.28,681.6,0.0,30,1.96,14,0,0.0,0,22,15.916666666666666,48.086666666666666,-0.5025344827586196
2015-05-01,50.619354838709675,445.80000000000007,0.0,31,3.58,17,0,0.0,0,2,15.64516129032258,58.03225806451613,-0.8729032258064464
2015-06-01,65.36666666666666,70.9,81.89999999999999,30,0.74,8,0,0.0,5,0,14.106666666666666,15.946666666666667,5.572833333333335
2015-07-01,66.23870967741935,40.90000000000001,79.30000000000001,31,1.7600000000000002,9,0,0.0,3,0,16.76451612903226,30.88064516129032,-2.9032258064516157
2015-08-01,65.37096774193549,75.39999999999998,86.9,31,1.19,7,0,0.0,7,0,14.55483870967742,21.641935483870967,-0.8320967741935448
2015-09-01,58.11333333333334,214.9,8.299999999999997,30,1.1400000000000001,5,0,0.0,1,1,14.946666666666665,20.87,1.5861666666666707
2015-10-01,48.34193548387096,516.4999999999999,0.09999999999999432,31,1.0,11,0,0.0,0,13,13.064516129032258,37.79354838709677,4.870645161290319
2015-11-01,27.076666666666664,1137.7000000000003,0.0,30,1.04,9,0,0.0,0,27,14.133333333333333,41.873333333333335,-3.536666666666669
2015-12-01,23.638709677419353,1282.2000000000003,0.0,31,0.65,7,0,18.11,0,29,12.754838709677419,60.329032258064515,1.6748387096774202
2016-01-01,21.700000000000003,1342.3,0.0,31,0.36,5,0,0.0,0,31,11.52258064516129,57.16129032258065,-1.4003225806451596
2016-02-01,32.831034482758625,932.9,0.0,29,0.22999999999999998,4,0,0.0,0,23,14.831034482758621,46.02413793103448,8.10355295566503
2016-03-01,37.41612903225807,855.1,0.0,31,0.99,10,0,24.02,0,24,17.89032258064516,56.332258064516125,2.7417741935483946
2016-04-01,46.87,543.9,0.0,30,1.0,9,0,27.95,0,11,17.086666666666666,46.669999999999995,4.087465517241377
2016-05-01,51.07419354838709,431.7,0.0,31,2.72,15,0,0.0,0,4,15.464516129032257,47.8,-0.4180645161290286
2016-06-01,64.02666666666667,89.0,59.80000000000001,30,1.11,7,0,0.0,4,0,16.983333333333334,17.93,4.232833333333346
2016-07-01,67.58709677419354,42.29999999999999,122.49999999999997,31,1.6800000000000002,8,0,0.0,7,0,17.080645161290324,14.541935483870969,-1.5548387096774263
2016-08-01,65.49354838709677,62.59999999999998,77.90000000000002,31,1.04,4,0,0.0,5,0,14.993548387096775,10.783870967741937,-0.7095161290322665
2016-09-01,54.78333333333333,315.8000000000001,9.299999999999997,30,1.31,11,0,0.0,0,0,14.693333333333333,44.43333333333333,-1.7438333333333347
2016-10-01,46.900000000000006,561.1,0.0,31,2.15,15,0,0.0,0,8,15.03225806451613,52.08709677419355,3.428709677419363
2016-11-01,37.84666666666667,814.6000000000001,0.0,30,0.45,3,0,3.15,0,26,11.770000000000001,35.09666666666667,7.233333333333338
2016-12-01,15.600000000000001,1531.4,0.0,31,0.51,6,0,1.97,0,31,14.712903225806452,60.648387096774194,-6.363870967741931
2017-01-01,12.435483870967742,1629.5000000000002,0.0,31,0.33999999999999997,4,0,0.0,0,31,10.97741935483871,44.03548387096774,-10.66483870967742
2017-02-01,26.303571428571427,1083.5,0.0,28,0.39,6,0,0.0,0,26,15.664285714285715,52.62142857142857,1.5760899014778325
2017-03-01,41.877419354838715,716.7999999999998,0.0,31,1.36,12,0,0.0,0,14,18.248387096774195,56.28709677419355,7.203064516129039
2017-04-01,42.876666666666665,663.7,0.0,30,2.18,19,0,0.0,0,11,17.553333333333335,51.973333333333336,0.09413218390804445
2017-05-01,52.36774193548387,391.59999999999997,0.0,31,1.9,8,1,0.0,0,4,14.703225806451613,28.783870967741933,0.8754838709677486
2017-06-01,60.65333333333333,155.79999999999998,25.39999999999999,30,2.61,14,0,0.0,1,0,15.99,27.959999999999997,0.8595000000000041
2017-07-01,72.24838709677418,0.0,224.7000000000001,31,0.18,3,0,0.0,16,0,15.519354838709678,4.987096774193549,3.1064516129032143
2017-08-01,67.15483870967742,9.200000000000003,76.0,31,0.23,5,0,0.0,3,0,13.258064516129032,8.8,0.9517741935483883
2017-09-01,54.63333333333333,333.90000000000003,22.89999999999999,30,1.51,12,0,0.0,2,1,12.013333333333332,36.980000000000004,-1.8938333333333333
2017-10-01,42.28387096774193,704.1999999999999,0.0,31,0.45,8,0,0.0,0,23,17.041935483870965,38.41612903225807,-1.1874193548387098
2017-11-01,29.766666666666666,1057.0,0.0,30,1.74,11,0,0.0,0,26,13.176666666666668,42.236666666666665,-0.8466666666666676
2017-12-01,18.25483870967742,1449.1000000000001,0.0,31,0.9400000000000001,9,0,0.0,0,30,11.432258064516128,52.28064516129032,-3.7090322580645143
2018-01-01,24.477419354838712,1256.2000000000003,0.0,31,1.04,5,0,0.0,0,29,13.754838709677419,54.8,1.37709677419355
2018-02-01,17.525,1329.3,0.0,28,0.48,6,0,0.0,0,28,15.12857142857143,65.05,-7.202481527093596
2018-03-01,32.2,1016.8000000000001,0.0,31,1.27,7,0,0.0,0,28,14.51290322580645,53.18387096774194,-2.4743548387096723
2018-04-01,40.68333333333333,729.5,0.0,30,3.2,14,0,0.0,0,20,16.29,51.9,-2.0992011494252907
2018-05-01,55.332258064516125,299.69999999999993,0.0,31,2.31,15,0,0.0,0,0,16.06451612903226,46.39677419354839,3.8400000000000034
2018-06-01,59.21,181.79999999999995,8.099999999999994,30,3.99,15,0,0.0,1,1,13.806666666666667,46.233333333333334,-0.5838333333333239
2018-07-01,67.90645161290323,25.0,115.1,31,0.30000000000000004,7,0,0.0,5,0,13.641935483870967,7.896774193548388,-1.235483870967741
2018-08-01,64.36451612903225,87.30000000000001,67.59999999999998,31,1.03,6,0,0.0,7,0,13.161290322580646,19.05483870967742,-1.838548387096779
2018-09-01,55.10333333333333,309.3,12.399999999999991,30,0.51,6,0,0.0,0,3,13.163333333333332,28.313333333333333,-1.4238333333333344
2018-10-01,42.10645161290322,709.6999999999998,0.0,31,1.1400000000000001,6,0,0.0,0,20,12.535483870967743,52.567741935483866,-1.3648387096774215
2018-11-01,30.92,1022.4,0.0,30,1.05,11,0,0.0,0,25,11.99,57.95333333333333,0.3066666666666684
2018-12-01,23.951612903225808,1272.5,0.0,31,0.19,6,0,0.0,0,31,13.80967741935484,47.76451612903226,1.987741935483875
2019-01-01,23.870967741935484,1275.0,0.0,31,0.48000000000000004,7,0,0.0,0,30,12.574193548387097,43.119354838709675,0.7706451612903216
2019-02-01,10.103571428571428,1537.1,0.0,28,0.99,9,0,0.0,0,28,11.192857142857141,68.81071428571428,-14.623910098522167
2019-03-01,19.519354838709678,1409.8999999999999,0.0,31,0.32,6,0,0.0,0,29,8.751612903225807,31.703225806451616,-15.154999999999998
2019-04-01,42.68,669.5999999999999,0.0,30,2.83,17,0,0.0,0,13,17.473333333333336,58.39333333333333,-0.10253448275862098
2019-05-01,49.60645161290322,477.2,0.0,31,2.0300000000000002,16,0,0.0,0,4,16.816129032258065,51.75806451612903,-1.8858064516129005
2019-06-01,59.063333333333325,182.20000000000002,4.099999999999994,30,2.07,12,0,0.0,0,0,15.336666666666668,32.62,-0.7304999999999993
2019-07-01,65.35483870967742,50.39999999999999,61.39999999999998,31,2.1,16,0,0.0,2,0,17.01290322580645,19.190322580645162,-3.787096774193543
2019-08-01,65.80322580645162,44.4,69.30000000000001,31,0.59,7,0,0.0,2,0,15.490322580645161,16.938709677419357,-0.399838709677411
2019-09-01,56.35333333333333,290.2,30.799999999999997,30,3.24,11,0,0.0,2,3,14.15,40.11,-0.1738333333333344
2019-10-01,34.877419354838715,933.7999999999998,0.0,31,0.53,5,0,0.0,0,25,15.741935483870968,39.54838709677419,-8.593870967741928
2019-11-01,30.21333333333333,1043.6,0.0,30,0.8400000000000001,9,0,0.0,0,26,11.763333333333332,51.986666666666665,-0.40000000000000213
2019-12-01,26.39032258064516,1196.8999999999996,0.0,31,0.11,3,0,0.0,0,31,11.2,47.21935483870968,4.426451612903229
2020-01-01,30.151612903225807,1080.3,0.0,31,0.23,5,0,0.0,0,29,14.106451612903227,58.55161290322581,7.051290322580645
2020-02-01,25.13103448275862,1156.2,0.0,29,0.75,8,0,0.0,0,28,13.920689655172414,52.5103448275862,0.4035529556650239
2020-03-01,33.696774193548386,970.4000000000001,0.0,31,1.21,9,0,0.0,0,24,15.983870967741936,52.567741935483866,-0.9775806451612894
2020-04-01,41.49,705.3000000000001,0.0,30,0.75,6,0,0.0,0,19,17.08,41.47666666666667,-1.2925344827586187
2020-05-01,52.483870967741936,399.8999999999999,11.899999999999991,31,0.9600000000000001,13,0,0.0,0,3,17.38064516129032,43.25483870967742,0.9916129032258141
2020-06-01,59.10333333333333,199.0,22.10000000000001,30,3.32,16,0,0.0,0,0,15.78,35.64333333333333,-0.690499999999993
2020-07-01,66.67096774193548,34.20000000000002,85.99999999999999,31,1.0,6,0,0.0,3,0,15.19032258064516,12.393548387096773,-2.470967741935482
2020-08-01,67.85806451612903,26.299999999999997,114.90000000000003,31,0.24000000000000002,4,0,0.0,6,0,14.025806451612903,9.903225806451612,1.6550000000000011
2020-09-01,57.31333333333334,247.5,16.900000000000006,30,0.45,2,0,0.0,2,3,13.583333333333334,22.9,0.7861666666666736
2020-10-01,40.645161290322584,755.0,0.0,31,1.34,10,0,0.0,0,17,16.238709677419354,38.777419354838706,-2.8261290322580592
2020-11-01,32.153333333333336,985.4,0.0,30,0.35000000000000003,4,0,0.0,0,25,14.453333333333335,31.14,1.5400000000000027
2020-12-01,27.60322580645161,1159.2999999999997,0.0,31,0.09,3,0,0.0,0,29,13.180645161290323,45.00967741935484,5.639354838709679
2021-01-01,26.364516129032257,1197.7,0.0,31,0.65,7,0,0.0,0,31,13.63225806451613,46.641935483870974,3.2641935483870945
2021-02-01,16.717857142857145,1351.9,0.0,28,0.62,13,0,154.24,0,27,15.446428571428571,64.28214285714286,-8.00962438423645
2021-03-01,36.18064516129032,893.4,0.0,31,0.4,6,0,167.05,0,29,14.451612903225806,26.30322580645161,1.5062903225806465
2021-04-01,41.36,709.2,0.0,30,1.03,9,0,28.77,0,21,16.493333333333332,30.416666666666668,-1.4225344827586213
2021-05-01,49.7,474.30000000000007,0.0,31,2.7,11,0,17.85,0,7,15.358064516129033,30.580645161290324,-1.792258064516119
2021-06-01,67.41,39.300000000000004,111.60000000000002,30,0.29000000000000004,5,0,0.0,7,0,16.823333333333334,9.596666666666666,7.616166666666672
2021-07-01,73.28709677419356,0.0,256.9,31,0.74,7,0,0.0,20,0,15.112903225806452,6.290322580645161,4.145161290322591
2021-08-01,64.8258064516129,93.10000000000001,87.7,31,2.0500000000000003,9,0,0.0,6,0,16.664516129032258,16.68064516129032,-1.377258064516127
2021-09-01,58.49666666666667,203.39999999999998,8.299999999999983,30,0.13999999999999999,2,0,0.0,1,4,14.91,10.196666666666665,1.9695000000000036
2021-10-01,46.38709677419355,576.9999999999999,0.0,31,1.72,8,0,38.83,0,8,15.641935483870967,33.829032258064515,2.9158064516129087
2021-11-01,38.21666666666667,803.5,0.0,30,0.23,5,0,11.379999999999999,0,21,17.793333333333333,31.279999999999998,7.603333333333335
2021-12-01,26.58709677419355,1190.8,0.0,31,0.54,6,0,173.23000000000002,0,29,20.361290322580647,42.13225806451613,4.623225806451618
2022-01-01,21.41290322580645,1351.2,0.0,31,0.38,6,0,0.0,0,31,15.929032258064517,27.706451612903226,-1.6874193548387133
2022-02-01,22.153571428571432,1199.7,0.0,28,0.42000000000000004,4,0,0.0,0,25,15.535714285714286,35.403571428571425,-2.5739100985221626
2022-03-01,36.23225806451613,891.7999999999998,0.0,31,0.49,5,0,0.0,0,22,15.293548387096775,36.84516129032258,1.5579032258064558
2022-04-01,36.68,849.6,0.0,30,1.13,10,0,0.0,0,23,19.246666666666666,37.05333333333333,-6.102534482758621
2022-05-01,48.696774193548386,505.4,0.0,31,3.2800000000000002,15,0,0.0,0,7,16.322580645161292,38.91935483870968,-2.795483870967736
2022-06-01,59.82333333333334,186.29999999999998,31.0,30,1.6099999999999999,10,0,0.0,2,0,17.083333333333332,25.57,0.02950000000001296
2022-07-01,70.71612903225805,3.6000000000000014,180.8,31,0.49,4,0,0.0,13,0,17.603225806451615,5.393548387096774,1.5741935483870861
2022-08-01,71.3967741935484,8.000000000000007,206.29999999999995,31,1.23,6,0,0.0,17,0,16.329032258064515,6.693548387096774,5.193709677419363
2022-09-01,60.41,186.8,49.099999999999994,30,1.2,7,0,0.0,6,0,12.756666666666666,16.176666666666666,3.8828333333333305
2022-10-01,46.28709677419355,580.1,0.0,31,1.8,6,0,0.0,0,15,12.187096774193549,20.40967741935484,2.8158064516129073
2022-11-01,19.866666666666667,1354.0,0.0,30,0.2,4,0,0.0,0,28,12.976666666666667,33.93666666666667,-10.746666666666666
2022-12-01,16.648387096774194,1498.9,0.0,31,0.75,9,0,0.0,0,29,12.374193548387098,40.88387096774194,-5.315483870967739
2023-01-01,20.148387096774194,1390.3999999999999,0.0,31,0.6000000000000001,6,0,0.0,0,31,10.90967741935484,58.17741935483871,-2.951935483870969
2023-02-01,22.400000000000002,1192.8,0.0,28,0.18,3,0,0.0,0,26,17.060714285714287,47.18571428571429,-2.3274815270935925
2023-03-01,25.083870967741937,1237.4,0.0,31,0.8,8,0,0.0,0,30,11.787096774193548,56.400000000000006,-9.590483870967738
2023-04-01,39.443333333333335,766.7000000000002,0.0,30,0.67,5,0,0.0,0,20,16.303333333333335,41.056666666666665,-3.3392011494252856
2023-05-01,56.71612903225807,257.3999999999999,0.5999999999999943,31,2.7399999999999998,16,0,0.0,0,0,17.44193548387097,42.380645161290325,5.223870967741945
2023-06-01,59.343333333333334,172.3,2.5999999999999943,30,4.45,16,1,0.0,0,0,13.473333333333333,42.07000000000001,-0.450499999999991
2023-07-01,68.6774193548387,19.400000000000006,133.4,31,0.43,6,0,0.0,9,0,14.025806451612903,9.051612903225807,-0.4645161290322619
2023-08-01,67.47096774193548,19.6,96.2,31,1.6099999999999999,11,0,0.0,5,0,15.86774193548387,32.3741935483871,1.2679032258064495
2023-09-01,58.730000000000004,195.2,7.1000000000000085,30,1.62,7,0,0.0,0,0,13.633333333333333,29.396666666666665,2.202833333333338
2023-10-01,42.21290322580645,706.4000000000001,0.0,31,0.27999999999999997,7,0,0.0,0,10,11.438709677419356,48.92903225806452,-1.258387096774193
2023-11-01,35.230000000000004,893.0999999999999,0.0,30,0.21000000000000002,3,0,0.0,0,24,15.296666666666665,40.71333333333334,4.616666666666671
2023-12-01,28.75483870967742,1123.6,0.0,31,0.61,3,0,0.0,0,28,10.62258064516129,40.65483870967742,6.790967741935486
2024-01-01,18.274193548387096,1448.4999999999998,0.0,31,0.16999999999999998,3,0,0.0,0,31,10.906451612903227,53.483870967741936,-4.826129032258066
2024-02-01,28.637931034482758,1054.5,0.0,29,0.9400000000000001,6,0,5.12,0,26,12.76551724137931,65.82068965517242,3.9104495073891634
2024-03-01,34.10645161290322,957.6999999999998,0.0,31,1.12,10,0,0.0,0,29,13.803225806451612,51.61290322580645,-0.5679032258064538
2024-04-01,44.733333333333334,607.9999999999999,0.0,30,1.34,11,0,0.0,0,15,15.846666666666666,48.3,1.9507988505747136
2024-05-01,48.593548387096774,508.59999999999997,0.0,31,3.3,13,1,0.0,0,6,15.954838709677418,51.519354838709674,-2.8987096774193475
2024-06-01,61.43333333333333,138.10000000000002,31.099999999999994,30,1.94,10,0,0.0,1,0,15.04,28.39,1.6395000000000053
2024-07-01,71.07096774193548,17.199999999999996,205.39999999999998,31,0.3,5,0,0.0,16,0,14.041935483870969,14.983870967741936,1.9290322580645096
2024-08-01,66.41612903225807,39.2,83.1,31,1.27,10,0,0.0,6,0,15.51290322580645,13.861290322580645,0.21306451612903743
2024-09-01,60.46,156.2,20.0,30,2.33,5,1,0.0,2,0,13.05,20.509999999999998,3.9328333333333347
2024-10-01,48.458064516129035,512.8000000000001,0.0,31,0.7499999999999999,4,0,0.0,0,10,13.283870967741937,22.229032258064517,4.986774193548392
2024-11-01,32.20333333333333,983.8999999999999,0.0,30,0.86,9,0,0.0,0,29,12.523333333333333,54.29,1.5899999999999999
2024-12-01,32.56774193548387,1005.4,0.0,31,0.2,4,0,0.0,0,29,11.96774193548387,47.274193548387096,10.60387096774194
2025-01-01,17.019354838709678,1487.4000000000003,0.0,31,0.2,4,0,0.0,0,31,10.52258064516129,55.403225806451616,-6.080967741935485
2025-02-01,15.37142857142857,1389.6000000000001,0.0,28,1.2,10,0,0.0,0,26,10.932142857142859,61.09285714285715,-9.356052955665024
2025-03-01,38.23225806451613,829.7999999999998,0.0,31,0.96,10,0,0.0,0,21,16.822580645161292,51.31612903225806,3.557903225806456
2025-04-01,42.82666666666667,665.2,0.0,30,2.45,13,0,0.0,0,17,16.236666666666668,46.64333333333333,0.044132183908047296
2025-05-01,54.354838709677416,332.19999999999993,2.200000000000003,31,1.47,10,0,0.0,0,0,16.07741935483871,38.6741935483871,2.8625806451612945
2025-06-01,62.440000000000005,107.60000000000001,30.80000000000001,30,0.52,8,0,0.0,1,0,15.243333333333334,26.476666666666667,2.64616666666668
2025-07-01,68.47741935483872,20.900000000000013,128.7,31,0.63,5,0,0.0,5,0,15.564516129032258,15.94516129032258,-0.6645161290322505
2025-08-01,67.2709677419355,29.1,99.49999999999999,31,0.93,7,0,0.0,5,0,14.01290322580645,17.029032258064515,1.067903225806461
2025-09-01,60.026666666666664,159.10000000000002,9.899999999999991,30,1.1600000000000001,6,0,0.0,0,0,13.393333333333334,9.513333333333332,3.4994999999999976
2025-10-01,43.57741935483871,664.1,0.0,31,1.97,12,0,0.0,0,15,14.229032258064517,23.68064516129032,0.10612903225806747
2025-11-01,38.056666666666665,808.3000000000001,0.0,30,0.33,4,0,0.0,0,20,13.373333333333333,26.44,7.443333333333332
2025-12-01,34.751612903225805,937.6999999999999,0.0,31,0.66,10,0,0.0,0,23,17.848387096774193,29.26451612903226,12.787741935483872
2026-01-01,29.848387096774193,1089.6999999999998,0.0,31,0.09,2,0,0.0,0,26,13.812903225806451,26.138709677419353,6.7480645161290305
2026-02-01,35.385714285714286,829.1999999999999,0.0,28,0.35000000000000003,3,0,0.0,0,23,17.142857142857142,17.896428571428572,10.658232758620692
2026-03-01,42.83548387096774,687.1,0.0,31,1.05,6,0,0.0,0,20,18.338709677419356,26.519354838709678,8.161129032258067
2026-04-01,43.128,546.8000000000001,0.0,25,0.97,7,0,0.0,0,15,17.964000000000002,27.248,0.3454655172413794
